feature,shap_importance
Alpha32,0.05250080181159941
Alpha64,0.04270691224669211
Alpha37,0.025922372149702243
Alpha48,0.020012652357973296
Alpha47,0.01966512038198241
